model,threshold,precision,recall,f1,false_positives,false_negatives,true_positives,true_negatives
Random Forest,0.01,0.8709219858156029,0.9967532467532467,0.9295987887963664,182,4,1228,952979
Random Forest,0.02,0.9409961685823754,0.9967532467532467,0.9680725266062278,77,4,1228,953084
Random Forest,0.03,0.9684542586750788,0.9967532467532467,0.9824,40,4,1228,953121
Random Forest,0.04,0.9777070063694268,0.9967532467532467,0.9871382636655949,28,4,1228,953133
Random Forest,0.05,0.9847634322373697,0.9967532467532467,0.990722065348931,19,4,1228,953142
Random Forest,0.060000000000000005,0.9887278582930756,0.9967532467532467,0.9927243330638642,14,4,1228,953147
Random Forest,0.06999999999999999,0.9919224555735057,0.9967532467532467,0.994331983805668,10,4,1228,953151
Random Forest,0.08,0.9951377633711507,0.9967532467532467,0.9959448499594485,6,4,1228,953155
Random Forest,0.09,0.9967532467532467,0.9967532467532467,0.9967532467532467,4,4,1228,953157
Random Forest,0.09999999999999999,0.9975629569455727,0.9967532467532467,0.9971579374746244,3,4,1228,953158
Random Forest,0.11,0.9983739837398374,0.9967532467532467,0.9975629569455727,2,4,1228,953159
Random Forest,0.12,0.9983739837398374,0.9967532467532467,0.9975629569455727,2,4,1228,953159
Random Forest,0.13,0.9991863303498779,0.9967532467532467,0.9979683055668428,1,4,1228,953160
Random Forest,0.14,0.9991863303498779,0.9967532467532467,0.9979683055668428,1,4,1228,953160
Random Forest,0.15000000000000002,0.9991863303498779,0.9967532467532467,0.9979683055668428,1,4,1228,953160
Random Forest,0.16,0.9991863303498779,0.9967532467532467,0.9979683055668428,1,4,1228,953160
Random Forest,0.17,0.9991863303498779,0.9967532467532467,0.9979683055668428,1,4,1228,953160
Random Forest,0.18000000000000002,0.9991863303498779,0.9967532467532467,0.9979683055668428,1,4,1228,953160
Random Forest,0.19,0.9991863303498779,0.9967532467532467,0.9979683055668428,1,4,1228,953160
Random Forest,0.2,0.9991863303498779,0.9967532467532467,0.9979683055668428,1,4,1228,953160
Random Forest,0.21000000000000002,0.9991863303498779,0.9967532467532467,0.9979683055668428,1,4,1228,953160
Random Forest,0.22,0.9991863303498779,0.9967532467532467,0.9979683055668428,1,4,1228,953160
Random Forest,0.23,0.9991863303498779,0.9967532467532467,0.9979683055668428,1,4,1228,953160
Random Forest,0.24000000000000002,1.0,0.9967532467532467,0.9983739837398374,0,4,1228,953161
Random Forest,0.25,1.0,0.9967532467532467,0.9983739837398374,0,4,1228,953161
Random Forest,0.26,1.0,0.9967532467532467,0.9983739837398374,0,4,1228,953161
Random Forest,0.27,1.0,0.9967532467532467,0.9983739837398374,0,4,1228,953161
Random Forest,0.28,1.0,0.9967532467532467,0.9983739837398374,0,4,1228,953161
Random Forest,0.29000000000000004,1.0,0.9967532467532467,0.9983739837398374,0,4,1228,953161
Random Forest,0.3,1.0,0.9967532467532467,0.9983739837398374,0,4,1228,953161
Random Forest,0.31,1.0,0.9967532467532467,0.9983739837398374,0,4,1228,953161
Random Forest,0.32,1.0,0.9967532467532467,0.9983739837398374,0,4,1228,953161
Random Forest,0.33,1.0,0.9967532467532467,0.9983739837398374,0,4,1228,953161
Random Forest,0.34,1.0,0.9967532467532467,0.9983739837398374,0,4,1228,953161
Random Forest,0.35000000000000003,1.0,0.9967532467532467,0.9983739837398374,0,4,1228,953161
Random Forest,0.36000000000000004,1.0,0.9967532467532467,0.9983739837398374,0,4,1228,953161
Random Forest,0.37,1.0,0.9967532467532467,0.9983739837398374,0,4,1228,953161
Random Forest,0.38,1.0,0.9967532467532467,0.9983739837398374,0,4,1228,953161
Random Forest,0.39,1.0,0.9967532467532467,0.9983739837398374,0,4,1228,953161
Random Forest,0.4,1.0,0.9967532467532467,0.9983739837398374,0,4,1228,953161
Random Forest,0.41000000000000003,1.0,0.9967532467532467,0.9983739837398374,0,4,1228,953161
Random Forest,0.42000000000000004,1.0,0.9967532467532467,0.9983739837398374,0,4,1228,953161
Random Forest,0.43,1.0,0.9967532467532467,0.9983739837398374,0,4,1228,953161
Random Forest,0.44,1.0,0.9967532467532467,0.9983739837398374,0,4,1228,953161
Random Forest,0.45,1.0,0.9967532467532467,0.9983739837398374,0,4,1228,953161
Random Forest,0.46,1.0,0.9967532467532467,0.9983739837398374,0,4,1228,953161
Random Forest,0.47000000000000003,1.0,0.9967532467532467,0.9983739837398374,0,4,1228,953161
Random Forest,0.48000000000000004,1.0,0.9967532467532467,0.9983739837398374,0,4,1228,953161
Random Forest,0.49,1.0,0.9967532467532467,0.9983739837398374,0,4,1228,953161
Random Forest,0.5,1.0,0.9967532467532467,0.9983739837398374,0,4,1228,953161
Random Forest,0.51,1.0,0.9967532467532467,0.9983739837398374,0,4,1228,953161
Random Forest,0.52,1.0,0.9967532467532467,0.9983739837398374,0,4,1228,953161
Random Forest,0.53,1.0,0.9967532467532467,0.9983739837398374,0,4,1228,953161
Random Forest,0.54,1.0,0.9967532467532467,0.9983739837398374,0,4,1228,953161
Random Forest,0.55,1.0,0.9967532467532467,0.9983739837398374,0,4,1228,953161
Random Forest,0.56,1.0,0.9967532467532467,0.9983739837398374,0,4,1228,953161
Random Forest,0.5700000000000001,1.0,0.9967532467532467,0.9983739837398374,0,4,1228,953161
Random Forest,0.5800000000000001,1.0,0.9967532467532467,0.9983739837398374,0,4,1228,953161
Random Forest,0.59,1.0,0.9967532467532467,0.9983739837398374,0,4,1228,953161
Random Forest,0.6,1.0,0.9967532467532467,0.9983739837398374,0,4,1228,953161
Random Forest,0.61,1.0,0.9967532467532467,0.9983739837398374,0,4,1228,953161
Random Forest,0.62,1.0,0.9967532467532467,0.9983739837398374,0,4,1228,953161
Random Forest,0.63,1.0,0.9967532467532467,0.9983739837398374,0,4,1228,953161
Random Forest,0.64,1.0,0.9967532467532467,0.9983739837398374,0,4,1228,953161
Random Forest,0.65,1.0,0.9967532467532467,0.9983739837398374,0,4,1228,953161
Random Forest,0.66,1.0,0.9967532467532467,0.9983739837398374,0,4,1228,953161
Random Forest,0.67,1.0,0.9967532467532467,0.9983739837398374,0,4,1228,953161
Random Forest,0.68,1.0,0.9967532467532467,0.9983739837398374,0,4,1228,953161
Random Forest,0.6900000000000001,1.0,0.9967532467532467,0.9983739837398374,0,4,1228,953161
Random Forest,0.7000000000000001,1.0,0.9967532467532467,0.9983739837398374,0,4,1228,953161
Random Forest,0.7100000000000001,1.0,0.9967532467532467,0.9983739837398374,0,4,1228,953161
Random Forest,0.72,1.0,0.9967532467532467,0.9983739837398374,0,4,1228,953161
Random Forest,0.73,1.0,0.9967532467532467,0.9983739837398374,0,4,1228,953161
Random Forest,0.74,1.0,0.9967532467532467,0.9983739837398374,0,4,1228,953161
Random Forest,0.75,1.0,0.9967532467532467,0.9983739837398374,0,4,1228,953161
Random Forest,0.76,1.0,0.9967532467532467,0.9983739837398374,0,4,1228,953161
Random Forest,0.77,1.0,0.9967532467532467,0.9983739837398374,0,4,1228,953161
Random Forest,0.78,1.0,0.9967532467532467,0.9983739837398374,0,4,1228,953161
Random Forest,0.79,1.0,0.9967532467532467,0.9983739837398374,0,4,1228,953161
Random Forest,0.8,1.0,0.9967532467532467,0.9983739837398374,0,4,1228,953161
Random Forest,0.81,1.0,0.9967532467532467,0.9983739837398374,0,4,1228,953161
Random Forest,0.8200000000000001,1.0,0.9967532467532467,0.9983739837398374,0,4,1228,953161
Random Forest,0.8300000000000001,1.0,0.9967532467532467,0.9983739837398374,0,4,1228,953161
Random Forest,0.8400000000000001,1.0,0.9967532467532467,0.9983739837398374,0,4,1228,953161
Random Forest,0.85,1.0,0.9959415584415584,0.9979666531110207,0,5,1227,953161
Random Forest,0.86,1.0,0.9959415584415584,0.9979666531110207,0,5,1227,953161
Random Forest,0.87,1.0,0.9959415584415584,0.9979666531110207,0,5,1227,953161
Random Forest,0.88,1.0,0.9959415584415584,0.9979666531110207,0,5,1227,953161
Random Forest,0.89,1.0,0.9943181818181818,0.9971509971509972,0,7,1225,953161
Random Forest,0.9,1.0,0.9935064935064936,0.996742671009772,0,8,1224,953161
Random Forest,0.91,1.0,0.9935064935064936,0.996742671009772,0,8,1224,953161
Random Forest,0.92,1.0,0.9935064935064936,0.996742671009772,0,8,1224,953161
Random Forest,0.93,1.0,0.9935064935064936,0.996742671009772,0,8,1224,953161
Random Forest,0.9400000000000001,1.0,0.9926948051948052,0.9963340122199593,0,9,1223,953161
Random Forest,0.9500000000000001,1.0,0.9926948051948052,0.9963340122199593,0,9,1223,953161
Random Forest,0.9600000000000001,1.0,0.9926948051948052,0.9963340122199593,0,9,1223,953161
Random Forest,0.97,1.0,0.9910714285714286,0.9955156950672646,0,11,1221,953161
Random Forest,0.98,1.0,0.989448051948052,0.9946960424316605,0,13,1219,953161
Random Forest,0.99,1.0,0.9521103896103896,0.9754677754677755,0,59,1173,953161
XGBoost,0.01,0.9753772835583797,0.9967532467532467,0.985949417904456,31,4,1228,953130
XGBoost,0.02,0.9903225806451613,0.9967532467532467,0.9935275080906149,12,4,1228,953149
XGBoost,0.03,0.9935275080906149,0.9967532467532467,0.9951377633711507,8,4,1228,953153
XGBoost,0.04,0.9959448499594485,0.9967532467532467,0.9963488843813387,5,4,1228,953156
XGBoost,0.05,0.9967532467532467,0.9967532467532467,0.9967532467532467,4,4,1228,953157
XGBoost,0.060000000000000005,0.9975629569455727,0.9967532467532467,0.9971579374746244,3,4,1228,953158
XGBoost,0.06999999999999999,0.9975629569455727,0.9967532467532467,0.9971579374746244,3,4,1228,953158
XGBoost,0.08,0.9983726606997559,0.9959415584415584,0.9971556277935798,2,5,1227,953159
XGBoost,0.09,1.0,0.9959415584415584,0.9979666531110207,0,5,1227,953161
XGBoost,0.09999999999999999,1.0,0.9959415584415584,0.9979666531110207,0,5,1227,953161
XGBoost,0.11,1.0,0.9959415584415584,0.9979666531110207,0,5,1227,953161
XGBoost,0.12,1.0,0.9959415584415584,0.9979666531110207,0,5,1227,953161
XGBoost,0.13,1.0,0.9959415584415584,0.9979666531110207,0,5,1227,953161
XGBoost,0.14,1.0,0.9959415584415584,0.9979666531110207,0,5,1227,953161
XGBoost,0.15000000000000002,1.0,0.9959415584415584,0.9979666531110207,0,5,1227,953161
XGBoost,0.16,1.0,0.9959415584415584,0.9979666531110207,0,5,1227,953161
XGBoost,0.17,1.0,0.9959415584415584,0.9979666531110207,0,5,1227,953161
XGBoost,0.18000000000000002,1.0,0.9959415584415584,0.9979666531110207,0,5,1227,953161
XGBoost,0.19,1.0,0.9959415584415584,0.9979666531110207,0,5,1227,953161
XGBoost,0.2,1.0,0.9959415584415584,0.9979666531110207,0,5,1227,953161
XGBoost,0.21000000000000002,1.0,0.9959415584415584,0.9979666531110207,0,5,1227,953161
XGBoost,0.22,1.0,0.9959415584415584,0.9979666531110207,0,5,1227,953161
XGBoost,0.23,1.0,0.9959415584415584,0.9979666531110207,0,5,1227,953161
XGBoost,0.24000000000000002,1.0,0.9959415584415584,0.9979666531110207,0,5,1227,953161
XGBoost,0.25,1.0,0.9959415584415584,0.9979666531110207,0,5,1227,953161
XGBoost,0.26,1.0,0.9959415584415584,0.9979666531110207,0,5,1227,953161
XGBoost,0.27,1.0,0.9959415584415584,0.9979666531110207,0,5,1227,953161
XGBoost,0.28,1.0,0.9959415584415584,0.9979666531110207,0,5,1227,953161
XGBoost,0.29000000000000004,1.0,0.9959415584415584,0.9979666531110207,0,5,1227,953161
XGBoost,0.3,1.0,0.9959415584415584,0.9979666531110207,0,5,1227,953161
XGBoost,0.31,1.0,0.9959415584415584,0.9979666531110207,0,5,1227,953161
XGBoost,0.32,1.0,0.9959415584415584,0.9979666531110207,0,5,1227,953161
XGBoost,0.33,1.0,0.9959415584415584,0.9979666531110207,0,5,1227,953161
XGBoost,0.34,1.0,0.9959415584415584,0.9979666531110207,0,5,1227,953161
XGBoost,0.35000000000000003,1.0,0.9959415584415584,0.9979666531110207,0,5,1227,953161
XGBoost,0.36000000000000004,1.0,0.9959415584415584,0.9979666531110207,0,5,1227,953161
XGBoost,0.37,1.0,0.9959415584415584,0.9979666531110207,0,5,1227,953161
XGBoost,0.38,1.0,0.9959415584415584,0.9979666531110207,0,5,1227,953161
XGBoost,0.39,1.0,0.9959415584415584,0.9979666531110207,0,5,1227,953161
XGBoost,0.4,1.0,0.9959415584415584,0.9979666531110207,0,5,1227,953161
XGBoost,0.41000000000000003,1.0,0.9959415584415584,0.9979666531110207,0,5,1227,953161
XGBoost,0.42000000000000004,1.0,0.9959415584415584,0.9979666531110207,0,5,1227,953161
XGBoost,0.43,1.0,0.9959415584415584,0.9979666531110207,0,5,1227,953161
XGBoost,0.44,1.0,0.9959415584415584,0.9979666531110207,0,5,1227,953161
XGBoost,0.45,1.0,0.9959415584415584,0.9979666531110207,0,5,1227,953161
XGBoost,0.46,1.0,0.9959415584415584,0.9979666531110207,0,5,1227,953161
XGBoost,0.47000000000000003,1.0,0.9959415584415584,0.9979666531110207,0,5,1227,953161
XGBoost,0.48000000000000004,1.0,0.9959415584415584,0.9979666531110207,0,5,1227,953161
XGBoost,0.49,1.0,0.9959415584415584,0.9979666531110207,0,5,1227,953161
XGBoost,0.5,1.0,0.9959415584415584,0.9979666531110207,0,5,1227,953161
XGBoost,0.51,1.0,0.9959415584415584,0.9979666531110207,0,5,1227,953161
XGBoost,0.52,1.0,0.9959415584415584,0.9979666531110207,0,5,1227,953161
XGBoost,0.53,1.0,0.9959415584415584,0.9979666531110207,0,5,1227,953161
XGBoost,0.54,1.0,0.9959415584415584,0.9979666531110207,0,5,1227,953161
XGBoost,0.55,1.0,0.9959415584415584,0.9979666531110207,0,5,1227,953161
XGBoost,0.56,1.0,0.9959415584415584,0.9979666531110207,0,5,1227,953161
XGBoost,0.5700000000000001,1.0,0.9959415584415584,0.9979666531110207,0,5,1227,953161
XGBoost,0.5800000000000001,1.0,0.9959415584415584,0.9979666531110207,0,5,1227,953161
XGBoost,0.59,1.0,0.9959415584415584,0.9979666531110207,0,5,1227,953161
XGBoost,0.6,1.0,0.9959415584415584,0.9979666531110207,0,5,1227,953161
XGBoost,0.61,1.0,0.9959415584415584,0.9979666531110207,0,5,1227,953161
XGBoost,0.62,1.0,0.9959415584415584,0.9979666531110207,0,5,1227,953161
XGBoost,0.63,1.0,0.9959415584415584,0.9979666531110207,0,5,1227,953161
XGBoost,0.64,1.0,0.9959415584415584,0.9979666531110207,0,5,1227,953161
XGBoost,0.65,1.0,0.9959415584415584,0.9979666531110207,0,5,1227,953161
XGBoost,0.66,1.0,0.9959415584415584,0.9979666531110207,0,5,1227,953161
XGBoost,0.67,1.0,0.9959415584415584,0.9979666531110207,0,5,1227,953161
XGBoost,0.68,1.0,0.9959415584415584,0.9979666531110207,0,5,1227,953161
XGBoost,0.6900000000000001,1.0,0.9959415584415584,0.9979666531110207,0,5,1227,953161
XGBoost,0.7000000000000001,1.0,0.9959415584415584,0.9979666531110207,0,5,1227,953161
XGBoost,0.7100000000000001,1.0,0.9959415584415584,0.9979666531110207,0,5,1227,953161
XGBoost,0.72,1.0,0.9959415584415584,0.9979666531110207,0,5,1227,953161
XGBoost,0.73,1.0,0.9959415584415584,0.9979666531110207,0,5,1227,953161
XGBoost,0.74,1.0,0.9959415584415584,0.9979666531110207,0,5,1227,953161
XGBoost,0.75,1.0,0.9959415584415584,0.9979666531110207,0,5,1227,953161
XGBoost,0.76,1.0,0.9959415584415584,0.9979666531110207,0,5,1227,953161
XGBoost,0.77,1.0,0.9959415584415584,0.9979666531110207,0,5,1227,953161
XGBoost,0.78,1.0,0.9959415584415584,0.9979666531110207,0,5,1227,953161
XGBoost,0.79,1.0,0.9959415584415584,0.9979666531110207,0,5,1227,953161
XGBoost,0.8,1.0,0.9959415584415584,0.9979666531110207,0,5,1227,953161
XGBoost,0.81,1.0,0.9951298701298701,0.9975589910496339,0,6,1226,953161
XGBoost,0.8200000000000001,1.0,0.9951298701298701,0.9975589910496339,0,6,1226,953161
XGBoost,0.8300000000000001,1.0,0.9951298701298701,0.9975589910496339,0,6,1226,953161
XGBoost,0.8400000000000001,1.0,0.9951298701298701,0.9975589910496339,0,6,1226,953161
XGBoost,0.85,1.0,0.9951298701298701,0.9975589910496339,0,6,1226,953161
XGBoost,0.86,1.0,0.9951298701298701,0.9975589910496339,0,6,1226,953161
XGBoost,0.87,1.0,0.9951298701298701,0.9975589910496339,0,6,1226,953161
XGBoost,0.88,1.0,0.9951298701298701,0.9975589910496339,0,6,1226,953161
XGBoost,0.89,1.0,0.9951298701298701,0.9975589910496339,0,6,1226,953161
XGBoost,0.9,1.0,0.9951298701298701,0.9975589910496339,0,6,1226,953161
XGBoost,0.91,1.0,0.9951298701298701,0.9975589910496339,0,6,1226,953161
XGBoost,0.92,1.0,0.9951298701298701,0.9975589910496339,0,6,1226,953161
XGBoost,0.93,1.0,0.9951298701298701,0.9975589910496339,0,6,1226,953161
XGBoost,0.9400000000000001,1.0,0.9943181818181818,0.9971509971509972,0,7,1225,953161
XGBoost,0.9500000000000001,1.0,0.9943181818181818,0.9971509971509972,0,7,1225,953161
XGBoost,0.9600000000000001,1.0,0.9943181818181818,0.9971509971509972,0,7,1225,953161
XGBoost,0.97,1.0,0.9943181818181818,0.9971509971509972,0,7,1225,953161
XGBoost,0.98,1.0,0.9943181818181818,0.9971509971509972,0,7,1225,953161
XGBoost,0.99,1.0,0.9926948051948052,0.9963340122199593,0,9,1223,953161
